id,name,location,type,description,price,min_people,max_people,difficulty,duration_days,rating_avg,available,created_at
1,Tour Leo núi 1,Hà Giang,leo núi,Trải nghiệm leo núi thú vị số 1,30000000.0,3,11,easy,4,5.0,1,2025-09-30 20:45:07
2,Tour Quốc tế 2,Singapore,quốc tế,Trải nghiệm quốc tế thú vị số 2,27031742.0,2,19,medium,1,3.5,1,2025-09-30 20:45:07
3,Tour Quốc tế 3,Malaysia,quốc tế,Trải nghiệm quốc tế thú vị số 3,16942874.0,1,29,medium,4,4.7,1,2025-09-30 20:45:07
4,Tour Quốc tế 4,Singapore,quốc tế,Trải nghiệm quốc tế thú vị số 4,40000000.0,2,13,easy,2,4.7,1,2025-09-30 20:45:07
5,Tour Cắm trại 5,Đồng Nai,cắm trại,Trải nghiệm cắm trại thú vị số 5,22257425.0,2,19,medium,1,4.2,1,2025-09-30 20:45:07
6,Tour Biển 6,Quảng Ninh,biển,Trải nghiệm biển thú vị số 6,13515782.0,3,29,medium,5,3.9,1,2025-09-30 20:45:07
7,Tour Cắm trại 7,Đồng Nai,cắm trại,Trải nghiệm cắm trại thú vị số 7,7427154.0,3,20,hard,1,4.9,1,2025-09-30 20:45:07
8,Tour Leo núi 8,Đà Lạt,leo núi,Trải nghiệm leo núi thú vị số 8,10070230.0,1,10,medium,1,4.9,1,2025-09-30 20:45:07
9,Tour Quốc tế 9,Singapore,quốc tế,Trải nghiệm quốc tế thú vị số 9,26598067.0,3,17,hard,7,4.5,1,2025-09-30 20:45:07
10,Tour Quốc tế 10,Thái Lan,quốc tế,Trải nghiệm quốc tế thú vị số 10,28460104.0,2,14,easy,3,3.9,1,2025-09-30 20:45:07
11,Tour Quốc tế 11,Nhật Bản,quốc tế,Trải nghiệm quốc tế thú vị số 11,10523404.0,3,13,hard,5,4.7,1,2025-09-30 20:45:07
12,Tour City tour 12,Chưa rõ,city tour,Trải nghiệm city tour thú vị số 12,18640601.0,3,14,easy,3,5.0,1,2025-09-30 20:45:07
13,Tour Biển 13,Quảng Ninh,biển,Trải nghiệm biển thú vị số 13,14453080.0,1,18,medium,5,4.0,1,2025-09-30 20:45:07
14,Tour Leo núi 14,Ninh Bình,leo núi,Trải nghiệm leo núi thú vị số 14,1611560.0,3,22,easy,3,4.8,1,2025-09-30 20:45:07
15,Tour Cắm trại 15,Đà Lạt,cắm trại,Trải nghiệm cắm trại thú vị số 15,50000000.0,3,22,hard,5,4.3,1,2025-09-30 20:45:07
16,Tour Biển 16,Đà Nẵng,biển,Trải nghiệm biển thú vị số 16,7237944.0,2,19,hard,4,4.8,1,2025-09-30 20:45:07
17,Tour Biển 17,Đà Nẵng,biển,Trải nghiệm biển thú vị số 17,21256337.0,1,16,easy,2,4.2,1,2025-09-30 20:45:07
18,Tour Leo núi 18,Đà Lạt,leo núi,Trải nghiệm leo núi thú vị số 18,2697588.0,1,10,easy,3,3.5,1,2025-09-30 20:45:07
19,Tour Biển 19,Phú Quốc,biển,Trải nghiệm biển thú vị số 19,3670595.0,2,27,medium,1,3.8,1,2025-09-30 20:45:07
20,Tour Biển 20,Quảng Ninh,biển,Trải nghiệm biển thú vị số 20,18293701.0,3,21,hard,7,4.4,1,2025-09-30 20:45:07
21,Tour City tour 21,Chưa rõ,city tour,Trải nghiệm city tour thú vị số 21,8142253.0,3,11,hard,3,4.6,1,2025-09-30 20:45:07
22,Tour Biển 22,Phú Quốc,biển,Trải nghiệm biển thú vị số 22,29468170.0,2,13,medium,1,3.6,1,2025-09-30 20:45:07
23,Tour Quốc tế 23,Malaysia,quốc tế,Trải nghiệm quốc tế thú vị số 23,12924624.0,3,28,medium,7,4.9,1,2025-09-30 20:45:07
24,Tour Cắm trại 24,Đồng Nai,cắm trại,Trải nghiệm cắm trại thú vị số 24,1041971.0,2,27,medium,6,4.3,1,2025-09-30 20:45:07
25,Tour Leo núi 25,Hà Giang,leo núi,Trải nghiệm leo núi thú vị số 25,16273560.0,1,12,medium,7,3.8,1,2025-09-30 20:45:07
26,Tour Leo núi 26,Hà Giang,leo núi,Trải nghiệm leo núi thú vị số 26,29021214.0,3,21,medium,5,4.3,1,2025-09-30 20:45:07
27,Tour Biển 27,Đà Nẵng,biển,Trải nghiệm biển thú vị số 27,19253878.0,2,20,hard,4,4.0,1,2025-09-30 20:45:07
28,Tour City tour 28,Chưa rõ,city tour,Trải nghiệm city tour thú vị số 28,26352595.0,1,22,easy,6,3.8,1,2025-09-30 20:45:07
29,Tour Leo núi 29,Hà Giang,leo núi,Trải nghiệm leo núi thú vị số 29,1704824.0,3,30,easy,7,3.8,1,2025-09-30 20:45:07
30,Tour City tour 30,Chưa rõ,city tour,Trải nghiệm city tour thú vị số 30,4750398.0,3,16,easy,3,3.7,1,2025-09-30 20:45:07
31,Tour Leo núi 31,Ninh Bình,leo núi,Trải nghiệm leo núi thú vị số 31,15267743.0,3,17,medium,2,4.8,1,2025-09-30 20:45:07
32,Tour Cắm trại 32,Đồng Nai,cắm trại,Trải nghiệm cắm trại thú vị số 32,15128763.0,1,18,hard,4,4.5,1,2025-09-30 20:45:07
33,Tour Quốc tế 33,Nhật Bản,quốc tế,Trải nghiệm quốc tế thú vị số 33,12776461.0,1,18,medium,7,4.9,1,2025-09-30 20:45:07
34,Tour Leo núi 34,Sa Pa,leo núi,Trải nghiệm leo núi thú vị số 34,8329466.0,1,13,hard,1,4.7,1,2025-09-30 20:45:07
35,Tour Biển 35,Nha Trang,biển,Trải nghiệm biển thú vị số 35,11064844.0,1,14,medium,7,3.8,1,2025-09-30 20:45:07
36,Tour City tour 36,Chưa rõ,city tour,Trải nghiệm city tour thú vị số 36,24738653.0,1,25,easy,6,3.9,1,2025-09-30 20:45:07
37,Tour City tour 37,Chưa rõ,city tour,Trải nghiệm city tour thú vị số 37,14244761.0,2,23,medium,4,3.8,1,2025-09-30 20:45:07
38,Tour Quốc tế 38,Nhật Bản,quốc tế,Trải nghiệm quốc tế thú vị số 38,8217563.0,3,30,medium,3,4.8,1,2025-09-30 20:45:07
39,Tour Biển 39,Quảng Ninh,biển,Trải nghiệm biển thú vị số 39,9247984.0,2,17,hard,1,4.3,1,2025-09-30 20:45:07
40,Tour Quốc tế 40,Malaysia,quốc tế,Trải nghiệm quốc tế thú vị số 40,18842454.0,1,30,easy,7,3.8,1,2025-09-30 20:45:07
41,Tour Cắm trại 41,Ba Vì,cắm trại,Trải nghiệm cắm trại thú vị số 41,21869296.0,2,27,medium,4,4.4,1,2025-09-30 20:45:07
42,Tour Quốc tế 42,Malaysia,quốc tế,Trải nghiệm quốc tế thú vị số 42,29681935.0,2,18,hard,7,4.3,1,2025-09-30 20:45:07
43,Tour Biển 43,Quảng Ninh,biển,Trải nghiệm biển thú vị số 43,3703900.0,1,14,easy,6,3.6,1,2025-09-30 20:45:07
44,Tour Biển 44,Phú Quốc,biển,Trải nghiệm biển thú vị số 44,8063173.0,1,22,hard,1,3.8,1,2025-09-30 20:45:07
45,Tour Quốc tế 45,Thái Lan,quốc tế,Trải nghiệm quốc tế thú vị số 45,15444858.0,3,24,easy,2,5.0,1,2025-09-30 20:45:07
46,Tour Leo núi 46,Sa Pa,leo núi,Trải nghiệm leo núi thú vị số 46,3986003.0,3,17,easy,3,3.7,1,2025-09-30 20:45:07
47,Tour Cắm trại 47,Đồng Nai,cắm trại,Trải nghiệm cắm trại thú vị số 47,25727934.0,3,20,easy,4,4.8,1,2025-09-30 20:45:07
48,Tour Quốc tế 48,Singapore,quốc tế,Trải nghiệm quốc tế thú vị số 48,18820430.0,2,22,medium,2,4.1,1,2025-09-30 20:45:07
49,Tour Cắm trại 49,Đồng Nai,cắm trại,Trải nghiệm cắm trại thú vị số 49,27590696.0,3,11,easy,3,3.5,1,2025-09-30 20:45:07
50,Tour City tour 50,Chưa rõ,city tour,Trải nghiệm city tour thú vị số 50,28952040.0,1,24,easy,2,5.0,1,2025-09-30 20:45:07
51,Tour Quốc tế 51,Singapore,quốc tế,Trải nghiệm quốc tế thú vị số 51,12842623.0,3,28,medium,3,5.0,1,2025-09-30 20:45:07
52,Tour Quốc tế 52,Thái Lan,quốc tế,Trải nghiệm quốc tế thú vị số 52,28767378.0,3,13,easy,6,4.0,1,2025-09-30 20:45:07
53,Tour Leo núi 53,Sa Pa,leo núi,Trải nghiệm leo núi thú vị số 53,11376727.0,2,12,hard,5,5.0,1,2025-09-30 20:45:07
54,Tour Cắm trại 54,Đồng Nai,cắm trại,Trải nghiệm cắm trại thú vị số 54,17044998.0,1,14,hard,5,4.2,1,2025-09-30 20:45:07
55,Tour Biển 55,Đà Nẵng,biển,Trải nghiệm biển thú vị số 55,24456827.0,2,11,easy,1,3.8,1,2025-09-30 20:45:07
56,Tour Cắm trại 56,Đà Lạt,cắm trại,Trải nghiệm cắm trại thú vị số 56,10738650.0,1,19,medium,7,4.2,1,2025-09-30 20:45:07
57,Tour Cắm trại 57,Đà Lạt,cắm trại,Trải nghiệm cắm trại thú vị số 57,8293400.0,2,30,easy,7,4.7,1,2025-09-30 20:45:07
58,Tour Cắm trại 58,Đồng Nai,cắm trại,Trải nghiệm cắm trại thú vị số 58,17202302.0,1,19,medium,2,3.5,1,2025-09-30 20:45:07
59,Tour Leo núi 59,Ninh Bình,leo núi,Trải nghiệm leo núi thú vị số 59,29042642.0,2,13,easy,1,4.6,1,2025-09-30 20:45:07
60,Tour Cắm trại 60,Đà Lạt,cắm trại,Trải nghiệm cắm trại thú vị số 60,11814683.0,1,13,hard,6,4.2,1,2025-09-30 20:45:07
61,Tour City tour 61,Chưa rõ,city tour,Trải nghiệm city tour thú vị số 61,24357285.0,3,14,easy,4,3.9,1,2025-09-30 20:45:07
62,Tour City tour 62,Chưa rõ,city tour,Trải nghiệm city tour thú vị số 62,22287335.0,1,17,hard,3,4.7,1,2025-09-30 20:45:07
63,Tour Leo núi 63,Hà Giang,leo núi,Trải nghiệm leo núi thú vị số 63,16155867.0,3,10,hard,6,3.6,1,2025-09-30 20:45:07
64,Tour Quốc tế 64,Malaysia,quốc tế,Trải nghiệm quốc tế thú vị số 64,7285137.0,2,22,hard,5,3.6,1,2025-09-30 20:45:07
65,Tour Leo núi 65,Ninh Bình,leo núi,Trải nghiệm leo núi thú vị số 65,28496855.0,1,16,medium,2,4.5,1,2025-09-30 20:45:07
66,Tour Cắm trại 66,Ba Vì,cắm trại,Trải nghiệm cắm trại thú vị số 66,25380499.0,2,25,medium,4,4.5,1,2025-09-30 20:45:07
67,Tour Biển 67,Phú Quốc,biển,Trải nghiệm biển thú vị số 67,16274892.0,2,15,hard,2,4.3,1,2025-09-30 20:45:07
68,Tour Biển 68,Phú Quốc,biển,Trải nghiệm biển thú vị số 68,21248824.0,2,19,hard,2,4.6,1,2025-09-30 20:45:07
69,Tour Leo núi 69,Ninh Bình,leo núi,Trải nghiệm leo núi thú vị số 69,23662899.0,2,26,easy,2,4.8,1,2025-09-30 20:45:07
70,Tour Quốc tế 70,Hàn Quốc,quốc tế,Trải nghiệm quốc tế thú vị số 70,9850243.0,3,24,hard,7,3.9,1,2025-09-30 20:45:07
71,Tour Cắm trại 71,Đồng Nai,cắm trại,Trải nghiệm cắm trại thú vị số 71,13265777.0,2,21,medium,3,4.8,1,2025-09-30 20:45:07
72,Tour City tour 72,Chưa rõ,city tour,Trải nghiệm city tour thú vị số 72,25837960.0,3,10,hard,1,4.7,1,2025-09-30 20:45:07
73,Tour Biển 73,Phú Quốc,biển,Trải nghiệm biển thú vị số 73,9509563.0,3,23,easy,6,4.2,1,2025-09-30 20:45:07
74,Tour Cắm trại 74,Ba Vì,cắm trại,Trải nghiệm cắm trại thú vị số 74,25482613.0,3,27,medium,3,4.7,1,2025-09-30 20:45:07
75,Tour Quốc tế 75,Hàn Quốc,quốc tế,Trải nghiệm quốc tế thú vị số 75,18717450.0,1,26,hard,7,4.6,1,2025-09-30 20:45:07
76,Tour Leo núi 76,Hà Giang,leo núi,Trải nghiệm leo núi thú vị số 76,20215473.0,3,11,medium,5,3.5,1,2025-09-30 20:45:07
77,Tour Cắm trại 77,Ba Vì,cắm trại,Trải nghiệm cắm trại thú vị số 77,16802108.0,3,29,hard,3,4.1,1,2025-09-30 20:45:07
78,Tour City tour 78,Chưa rõ,city tour,Trải nghiệm city tour thú vị số 78,16215061.0,2,23,hard,1,4.2,1,2025-09-30 20:45:07
79,Tour Cắm trại 79,Đồng Nai,cắm trại,Trải nghiệm cắm trại thú vị số 79,21247366.0,3,18,easy,2,3.8,1,2025-09-30 20:45:07
80,Tour Cắm trại 80,Đà Lạt,cắm trại,Trải nghiệm cắm trại thú vị số 80,5761196.0,1,14,hard,7,4.1,1,2025-09-30 20:45:07
81,Tour Leo núi 81,Sa Pa,leo núi,Trải nghiệm leo núi thú vị số 81,11318795.0,3,30,medium,1,4.6,1,2025-09-30 20:45:07
82,Tour Leo núi 82,Đà Lạt,leo núi,Trải nghiệm leo núi thú vị số 82,9355495.0,2,18,hard,1,4.9,1,2025-09-30 20:45:07
83,Tour Leo núi 83,Ninh Bình,leo núi,Trải nghiệm leo núi thú vị số 83,14606232.0,1,25,medium,5,4.9,1,2025-09-30 20:45:07
84,Tour City tour 84,Chưa rõ,city tour,Trải nghiệm city tour thú vị số 84,4694016.0,2,12,medium,7,4.2,1,2025-09-30 20:45:07
85,Tour Cắm trại 85,Đà Lạt,cắm trại,Trải nghiệm cắm trại thú vị số 85,19749552.0,2,17,easy,7,4.8,1,2025-09-30 20:45:07
86,Tour Biển 86,Quảng Ninh,biển,Trải nghiệm biển thú vị số 86,1262081.0,1,14,easy,6,4.3,1,2025-09-30 20:45:07
87,Tour Cắm trại 87,Đồng Nai,cắm trại,Trải nghiệm cắm trại thú vị số 87,18168875.0,1,30,hard,3,4.7,1,2025-09-30 20:45:07
88,Tour City tour 88,Chưa rõ,city tour,Trải nghiệm city tour thú vị số 88,27058046.0,3,29,hard,5,4.1,1,2025-09-30 20:45:07
89,Tour Biển 89,Phú Quốc,biển,Trải nghiệm biển thú vị số 89,17887931.0,3,26,easy,7,3.5,1,2025-09-30 20:45:07
90,Tour City tour 90,Chưa rõ,city tour,Trải nghiệm city tour thú vị số 90,22040264.0,3,14,medium,4,4.0,1,2025-09-30 20:45:07
91,Tour Leo núi 91,Ninh Bình,leo núi,Trải nghiệm leo núi thú vị số 91,11035929.0,3,16,medium,4,3.7,1,2025-09-30 20:45:07
92,Tour Biển 92,Đà Nẵng,biển,Trải nghiệm biển thú vị số 92,29933349.0,3,25,hard,4,3.8,1,2025-09-30 20:45:07
93,Tour Leo núi 93,Đà Lạt,leo núi,Trải nghiệm leo núi thú vị số 93,14599681.0,3,26,medium,2,4.9,1,2025-09-30 20:45:07
94,Tour Biển 94,Quảng Ninh,biển,Trải nghiệm biển thú vị số 94,7501853.0,1,11,easy,6,3.6,1,2025-09-30 20:45:07
95,Tour Biển 95,Đà Nẵng,biển,Trải nghiệm biển thú vị số 95,1849292.0,1,11,easy,6,3.9,1,2025-09-30 20:45:07
96,Tour Quốc tế 96,Thái Lan,quốc tế,Trải nghiệm quốc tế thú vị số 96,7201760.0,3,10,hard,2,4.1,1,2025-09-30 20:45:07
97,Tour Leo núi 97,Hà Giang,leo núi,Trải nghiệm leo núi thú vị số 97,27464534.0,3,14,hard,1,3.7,1,2025-09-30 20:45:07
98,Tour Biển 98,Đà Nẵng,biển,Trải nghiệm biển thú vị số 98,14740327.0,3,11,hard,2,3.9,1,2025-09-30 20:45:07
99,Tour Biển 99,Phú Quốc,biển,Trải nghiệm biển thú vị số 99,29308930.0,1,21,easy,1,3.8,1,2025-09-30 20:45:07
100,Tour City tour 100,Chưa rõ,city tour,Trải nghiệm city tour thú vị số 100,3376787.0,2,18,medium,5,4.9,1,2025-09-30 20:45:07
101,Tour Cắm trại 101,Đồng Nai,cắm trại,Trải nghiệm cắm trại thú vị số 101,9740277.0,2,30,medium,6,4.0,1,2025-09-30 20:45:07
102,Tour Cắm trại 102,Ba Vì,cắm trại,Trải nghiệm cắm trại thú vị số 102,16691190.0,2,21,hard,6,4.9,1,2025-09-30 20:45:07
103,Tour City tour 103,Chưa rõ,city tour,Trải nghiệm city tour thú vị số 103,22632812.0,1,14,medium,3,4.7,1,2025-09-30 20:45:07
104,Tour Leo núi 104,Ninh Bình,leo núi,Trải nghiệm leo núi thú vị số 104,5415712.0,2,18,medium,4,3.8,1,2025-09-30 20:45:07
105,Tour City tour 105,Chưa rõ,city tour,Trải nghiệm city tour thú vị số 105,11470973.0,3,26,hard,5,4.8,1,2025-09-30 20:45:07
106,Tour City tour 106,Chưa rõ,city tour,Trải nghiệm city tour thú vị số 106,7477273.0,1,10,hard,6,3.9,1,2025-09-30 20:45:07
107,Tour Leo núi 107,Đà Lạt,leo núi,Trải nghiệm leo núi thú vị số 107,10658611.0,2,19,hard,4,4.8,1,2025-09-30 20:45:07
108,Tour Biển 108,Nha Trang,biển,Trải nghiệm biển thú vị số 108,2332399.0,3,25,hard,2,4.0,1,2025-09-30 20:45:07
109,Tour Quốc tế 109,Thái Lan,quốc tế,Trải nghiệm quốc tế thú vị số 109,25994911.0,1,30,medium,2,4.0,1,2025-09-30 20:45:07
110,Tour Cắm trại 110,Ba Vì,cắm trại,Trải nghiệm cắm trại thú vị số 110,19765143.0,2,30,medium,6,4.3,1,2025-09-30 20:45:07
111,Tour Leo núi 111,Đà Lạt,leo núi,Trải nghiệm leo núi thú vị số 111,7368131.0,1,25,hard,5,3.6,1,2025-09-30 20:45:07
112,Tour City tour 112,Chưa rõ,city tour,Trải nghiệm city tour thú vị số 112,23274345.0,2,28,medium,6,4.0,1,2025-09-30 20:45:07
113,Tour City tour 113,Chưa rõ,city tour,Trải nghiệm city tour thú vị số 113,1006551.0,3,22,medium,4,3.7,1,2025-09-30 20:45:07
114,Tour City tour 114,Chưa rõ,city tour,Trải nghiệm city tour thú vị số 114,26199947.0,2,11,medium,2,4.8,1,2025-09-30 20:45:07
115,Tour Biển 115,Đà Nẵng,biển,Trải nghiệm biển thú vị số 115,21602225.0,3,23,medium,5,4.5,1,2025-09-30 20:45:07
116,Tour City tour 116,Chưa rõ,city tour,Trải nghiệm city tour thú vị số 116,14559681.0,1,18,medium,3,4.7,1,2025-09-30 20:45:07
117,Tour Cắm trại 117,Đà Lạt,cắm trại,Trải nghiệm cắm trại thú vị số 117,19435954.0,1,21,medium,5,3.7,1,2025-09-30 20:45:07
118,Tour City tour 118,Chưa rõ,city tour,Trải nghiệm city tour thú vị số 118,23223852.0,3,23,medium,5,5.0,1,2025-09-30 20:45:07
119,Tour City tour 119,Chưa rõ,city tour,Trải nghiệm city tour thú vị số 119,8470171.0,1,28,easy,1,4.4,1,2025-09-30 20:45:07
120,Tour Biển 120,Đà Nẵng,biển,Trải nghiệm biển thú vị số 120,26521627.0,3,10,easy,7,3.6,1,2025-09-30 20:45:07
121,Tour City tour 121,Chưa rõ,city tour,Trải nghiệm city tour thú vị số 121,21414747.0,2,12,medium,4,4.6,1,2025-09-30 20:45:07
122,Tour City tour 122,Chưa rõ,city tour,Trải nghiệm city tour thú vị số 122,1917251.0,3,21,easy,7,3.7,1,2025-09-30 20:45:07
123,Tour Cắm trại 123,Đồng Nai,cắm trại,Trải nghiệm cắm trại thú vị số 123,1833842.0,3,15,easy,6,4.1,1,2025-09-30 20:45:07
124,Tour City tour 124,Chưa rõ,city tour,Trải nghiệm city tour thú vị số 124,9869924.0,2,24,hard,7,4.2,1,2025-09-30 20:45:07
125,Tour Quốc tế 125,Malaysia,quốc tế,Trải nghiệm quốc tế thú vị số 125,18016718.0,1,28,hard,2,4.6,1,2025-09-30 20:45:07
126,Tour Quốc tế 126,Nhật Bản,quốc tế,Trải nghiệm quốc tế thú vị số 126,26817438.0,2,29,hard,4,4.2,1,2025-09-30 20:45:07
127,Tour Leo núi 127,Ninh Bình,leo núi,Trải nghiệm leo núi thú vị số 127,8360780.0,2,18,hard,3,4.8,1,2025-09-30 20:45:07
128,Tour Leo núi 128,Sa Pa,leo núi,Trải nghiệm leo núi thú vị số 128,22144063.0,1,23,medium,4,4.2,1,2025-09-30 20:45:07
129,Tour Quốc tế 129,Singapore,quốc tế,Trải nghiệm quốc tế thú vị số 129,25036181.0,3,16,easy,7,4.5,1,2025-09-30 20:45:07
130,Tour Biển 130,Quảng Ninh,biển,Trải nghiệm biển thú vị số 130,17728636.0,3,29,hard,6,4.6,1,2025-09-30 20:45:07
131,Tour Leo núi 131,Đà Lạt,leo núi,Trải nghiệm leo núi thú vị số 131,25230958.0,2,26,easy,1,3.7,1,2025-09-30 20:45:07
132,Tour Biển 132,Quảng Ninh,biển,Trải nghiệm biển thú vị số 132,24460093.0,1,29,easy,2,3.7,1,2025-09-30 20:45:07
133,Tour Quốc tế 133,Hàn Quốc,quốc tế,Trải nghiệm quốc tế thú vị số 133,18186267.0,3,28,medium,7,4.7,1,2025-09-30 20:45:07
134,Tour Cắm trại 134,Đà Lạt,cắm trại,Trải nghiệm cắm trại thú vị số 134,22708735.0,2,21,hard,1,3.5,1,2025-09-30 20:45:07
135,Tour Cắm trại 135,Đồng Nai,cắm trại,Trải nghiệm cắm trại thú vị số 135,11992482.0,2,19,hard,4,4.8,1,2025-09-30 20:45:07
136,Tour Biển 136,Đà Nẵng,biển,Trải nghiệm biển thú vị số 136,16483665.0,3,18,hard,4,4.4,1,2025-09-30 20:45:07
137,Tour City tour 137,Chưa rõ,city tour,Trải nghiệm city tour thú vị số 137,21966451.0,1,29,easy,4,4.8,1,2025-09-30 20:45:07
138,Tour Cắm trại 138,Đà Lạt,cắm trại,Trải nghiệm cắm trại thú vị số 138,18430230.0,3,29,medium,3,3.7,1,2025-09-30 20:45:07
139,Tour Leo núi 139,Ninh Bình,leo núi,Trải nghiệm leo núi thú vị số 139,22254533.0,1,15,easy,7,3.7,1,2025-09-30 20:45:07
140,Tour Cắm trại 140,Đồng Nai,cắm trại,Trải nghiệm cắm trại thú vị số 140,14119523.0,2,30,hard,3,4.0,1,2025-09-30 20:45:07
141,Tour Leo núi 141,Hà Giang,leo núi,Trải nghiệm leo núi thú vị số 141,25729877.0,2,28,easy,5,3.8,1,2025-09-30 20:45:07
142,Tour Biển 142,Nha Trang,biển,Trải nghiệm biển thú vị số 142,22016148.0,2,24,easy,4,3.6,1,2025-09-30 20:45:07
143,Tour Biển 143,Quảng Ninh,biển,Trải nghiệm biển thú vị số 143,4954091.0,3,10,medium,3,4.8,1,2025-09-30 20:45:07
144,Tour Cắm trại 144,Ba Vì,cắm trại,Trải nghiệm cắm trại thú vị số 144,19201688.0,1,15,hard,7,3.6,1,2025-09-30 20:45:07
145,Tour City tour 145,Chưa rõ,city tour,Trải nghiệm city tour thú vị số 145,16552472.0,2,26,medium,3,4.0,1,2025-09-30 20:45:07
146,Tour Quốc tế 146,Hàn Quốc,quốc tế,Trải nghiệm quốc tế thú vị số 146,14662923.0,2,30,easy,5,4.5,1,2025-09-30 20:45:07
147,Tour Biển 147,Nha Trang,biển,Trải nghiệm biển thú vị số 147,25861682.0,3,17,easy,7,4.8,1,2025-09-30 20:45:07
148,Tour Cắm trại 148,Đồng Nai,cắm trại,Trải nghiệm cắm trại thú vị số 148,16838676.0,1,22,easy,6,4.3,1,2025-09-30 20:45:07
149,Tour Biển 149,Quảng Ninh,biển,Trải nghiệm biển thú vị số 149,17173309.0,3,22,easy,4,3.9,1,2025-09-30 20:45:07
150,Tour Biển 150,Quảng Ninh,biển,Trải nghiệm biển thú vị số 150,7673946.0,2,18,easy,1,4.2,1,2025-09-30 20:45:07
151,Tour Biển 151,Quảng Ninh,biển,Trải nghiệm biển thú vị số 151,23978387.0,2,19,hard,7,4.0,1,2025-09-30 20:45:07
152,Tour Biển 152,Nha Trang,biển,Trải nghiệm biển thú vị số 152,3677534.0,1,19,easy,1,4.5,1,2025-09-30 20:45:07
153,Tour City tour 153,Chưa rõ,city tour,Trải nghiệm city tour thú vị số 153,8529502.0,3,21,medium,1,4.7,1,2025-09-30 20:45:07
154,Tour City tour 154,Chưa rõ,city tour,Trải nghiệm city tour thú vị số 154,19222354.0,1,25,easy,2,4.7,1,2025-09-30 20:45:07
155,Tour Quốc tế 155,Malaysia,quốc tế,Trải nghiệm quốc tế thú vị số 155,28436535.0,3,28,medium,6,4.1,1,2025-09-30 20:45:07
156,Tour Biển 156,Nha Trang,biển,Trải nghiệm biển thú vị số 156,5410401.0,3,24,easy,3,4.6,1,2025-09-30 20:45:07
157,Tour City tour 157,Chưa rõ,city tour,Trải nghiệm city tour thú vị số 157,7793902.0,3,27,easy,4,4.3,1,2025-09-30 20:45:07
158,Tour Leo núi 158,Sa Pa,leo núi,Trải nghiệm leo núi thú vị số 158,19263116.0,1,30,hard,1,4.6,1,2025-09-30 20:45:07
159,Tour Leo núi 159,Ninh Bình,leo núi,Trải nghiệm leo núi thú vị số 159,15613899.0,1,22,hard,1,4.9,1,2025-09-30 20:45:07
160,Tour Biển 160,Đà Nẵng,biển,Trải nghiệm biển thú vị số 160,5289754.0,2,13,medium,5,3.5,1,2025-09-30 20:45:07
161,Tour City tour 161,Chưa rõ,city tour,Trải nghiệm city tour thú vị số 161,1513140.0,2,28,easy,6,4.4,1,2025-09-30 20:45:07
162,Tour City tour 162,Chưa rõ,city tour,Trải nghiệm city tour thú vị số 162,22408420.0,1,10,medium,4,4.0,1,2025-09-30 20:45:07
163,Tour Quốc tế 163,Nhật Bản,quốc tế,Trải nghiệm quốc tế thú vị số 163,22897240.0,1,23,medium,6,4.8,1,2025-09-30 20:45:07
164,Tour City tour 164,Chưa rõ,city tour,Trải nghiệm city tour thú vị số 164,26240559.0,1,22,hard,5,4.4,1,2025-09-30 20:45:07
165,Tour Leo núi 165,Sa Pa,leo núi,Trải nghiệm leo núi thú vị số 165,22790644.0,3,28,medium,5,5.0,1,2025-09-30 20:45:07
166,Tour City tour 166,Chưa rõ,city tour,Trải nghiệm city tour thú vị số 166,4707533.0,3,30,easy,6,5.0,1,2025-09-30 20:45:07
167,Tour City tour 167,Chưa rõ,city tour,Trải nghiệm city tour thú vị số 167,13991996.0,3,18,medium,3,3.5,1,2025-09-30 20:45:07
168,Tour Quốc tế 168,Hàn Quốc,quốc tế,Trải nghiệm quốc tế thú vị số 168,20379571.0,2,26,easy,7,4.0,1,2025-09-30 20:45:07
169,Tour Leo núi 169,Đà Lạt,leo núi,Trải nghiệm leo núi thú vị số 169,24734668.0,2,21,easy,4,4.1,1,2025-09-30 20:45:07
170,Tour Leo núi 170,Đà Lạt,leo núi,Trải nghiệm leo núi thú vị số 170,4365733.0,1,28,easy,1,4.4,1,2025-09-30 20:45:07
171,Tour Quốc tế 171,Nhật Bản,quốc tế,Trải nghiệm quốc tế thú vị số 171,12252042.0,1,15,easy,4,4.5,1,2025-09-30 20:45:07
172,Tour City tour 172,Chưa rõ,city tour,Trải nghiệm city tour thú vị số 172,6176060.0,3,22,medium,7,4.5,1,2025-09-30 20:45:07
173,Tour Quốc tế 173,Hàn Quốc,quốc tế,Trải nghiệm quốc tế thú vị số 173,10935014.0,2,27,easy,2,4.0,1,2025-09-30 20:45:07
174,Tour City tour 174,Chưa rõ,city tour,Trải nghiệm city tour thú vị số 174,24420083.0,3,17,easy,3,3.9,1,2025-09-30 20:45:07
175,Tour Quốc tế 175,Nhật Bản,quốc tế,Trải nghiệm quốc tế thú vị số 175,3522881.0,2,21,medium,2,4.5,1,2025-09-30 20:45:07
176,Tour Cắm trại 176,Ba Vì,cắm trại,Trải nghiệm cắm trại thú vị số 176,9197082.0,2,23,hard,2,3.6,1,2025-09-30 20:45:07
177,Tour Leo núi 177,Ninh Bình,leo núi,Trải nghiệm leo núi thú vị số 177,23578396.0,2,17,easy,3,4.4,1,2025-09-30 20:45:07
178,Tour Quốc tế 178,Thái Lan,quốc tế,Trải nghiệm quốc tế thú vị số 178,9029061.0,2,17,hard,7,4.2,1,2025-09-30 20:45:07
179,Tour City tour 179,Chưa rõ,city tour,Trải nghiệm city tour thú vị số 179,23627016.0,1,23,easy,7,4.0,1,2025-09-30 20:45:07
180,Tour City tour 180,Chưa rõ,city tour,Trải nghiệm city tour thú vị số 180,18001044.0,3,30,hard,2,4.3,1,2025-09-30 20:45:07
181,Tour Quốc tế 181,Thái Lan,quốc tế,Trải nghiệm quốc tế thú vị số 181,7940426.0,3,21,hard,5,4.9,1,2025-09-30 20:45:07
182,Tour Cắm trại 182,Đà Lạt,cắm trại,Trải nghiệm cắm trại thú vị số 182,17624803.0,1,18,easy,3,4.4,1,2025-09-30 20:45:07
183,Tour City tour 183,Chưa rõ,city tour,Trải nghiệm city tour thú vị số 183,21193947.0,1,25,hard,2,4.5,1,2025-09-30 20:45:07
184,Tour City tour 184,Chưa rõ,city tour,Trải nghiệm city tour thú vị số 184,25771118.0,2,20,hard,7,4.3,1,2025-09-30 20:45:07
185,Tour Quốc tế 185,Thái Lan,quốc tế,Trải nghiệm quốc tế thú vị số 185,27041385.0,1,29,hard,5,4.3,1,2025-09-30 20:45:07
186,Tour Leo núi 186,Ninh Bình,leo núi,Trải nghiệm leo núi thú vị số 186,29277605.0,3,29,easy,5,4.8,1,2025-09-30 20:45:07
187,Tour Cắm trại 187,Đồng Nai,cắm trại,Trải nghiệm cắm trại thú vị số 187,8170306.0,3,30,easy,5,4.6,1,2025-09-30 20:45:07
188,Tour Cắm trại 188,Đồng Nai,cắm trại,Trải nghiệm cắm trại thú vị số 188,24075526.0,3,16,hard,2,4.1,1,2025-09-30 20:45:07
189,Tour Quốc tế 189,Nhật Bản,quốc tế,Trải nghiệm quốc tế thú vị số 189,28674550.0,2,12,easy,1,4.9,1,2025-09-30 20:45:07
190,Tour Leo núi 190,Hà Giang,leo núi,Trải nghiệm leo núi thú vị số 190,3340472.0,3,20,hard,4,3.7,1,2025-09-30 20:45:07
191,Tour Quốc tế 191,Nhật Bản,quốc tế,Trải nghiệm quốc tế thú vị số 191,6650389.0,3,29,medium,1,3.9,1,2025-09-30 20:45:07
192,Tour Cắm trại 192,Đồng Nai,cắm trại,Trải nghiệm cắm trại thú vị số 192,5325897.0,2,14,hard,5,4.7,1,2025-09-30 20:45:07
193,Tour Cắm trại 193,Đồng Nai,cắm trại,Trải nghiệm cắm trại thú vị số 193,4615534.0,1,25,medium,1,4.9,1,2025-09-30 20:45:07
194,Tour Cắm trại 194,Đồng Nai,cắm trại,Trải nghiệm cắm trại thú vị số 194,2483446.0,2,21,easy,6,3.7,1,2025-09-30 20:45:07
195,Tour Leo núi 195,Sa Pa,leo núi,Trải nghiệm leo núi thú vị số 195,26552711.0,3,25,easy,5,4.9,1,2025-09-30 20:45:07
196,Tour Leo núi 196,Hà Giang,leo núi,Trải nghiệm leo núi thú vị số 196,17766824.0,3,22,medium,6,3.8,1,2025-09-30 20:45:07
197,Tour Leo núi 197,Đà Lạt,leo núi,Trải nghiệm leo núi thú vị số 197,3870744.0,1,19,hard,3,4.3,1,2025-09-30 20:45:07
198,Tour Quốc tế 198,Malaysia,quốc tế,Trải nghiệm quốc tế thú vị số 198,15561909.0,3,14,hard,3,4.3,1,2025-09-30 20:45:07
199,Tour Leo núi 199,Đà Lạt,leo núi,Trải nghiệm leo núi thú vị số 199,10118941.0,1,22,hard,2,3.9,1,2025-09-30 20:45:07
200,Tour Cắm trại 200,Đà Lạt,cắm trại,Trải nghiệm cắm trại thú vị số 200,24354939.0,1,22,easy,3,4.2,1,2025-09-30 20:45:07
201,Tour Biển 201,Phú Quốc,biển,Trải nghiệm biển thú vị số 201,22666450.0,2,10,medium,7,3.7,1,2025-09-30 20:45:07
202,Tour Biển 202,Quảng Ninh,biển,Trải nghiệm biển thú vị số 202,28213842.0,3,19,easy,4,4.2,1,2025-09-30 20:45:07
203,Tour Leo núi 203,Sa Pa,leo núi,Trải nghiệm leo núi thú vị số 203,26064852.0,2,17,medium,5,4.3,1,2025-09-30 20:45:07
204,Tour Quốc tế 204,Thái Lan,quốc tế,Trải nghiệm quốc tế thú vị số 204,18659300.0,3,13,easy,4,5.0,1,2025-09-30 20:45:07
205,Tour Cắm trại 205,Đà Lạt,cắm trại,Trải nghiệm cắm trại thú vị số 205,9959432.0,2,23,medium,4,4.5,1,2025-09-30 20:45:07
206,Tour Leo núi 206,Hà Giang,leo núi,Trải nghiệm leo núi thú vị số 206,8409340.0,2,30,medium,6,4.5,1,2025-09-30 20:45:07
207,Tour Quốc tế 207,Singapore,quốc tế,Trải nghiệm quốc tế thú vị số 207,19007013.0,1,18,easy,7,4.5,1,2025-09-30 20:45:07
208,Tour Leo núi 208,Sa Pa,leo núi,Trải nghiệm leo núi thú vị số 208,27189739.0,3,14,easy,1,4.0,1,2025-09-30 20:45:07
209,Tour Biển 209,Phú Quốc,biển,Trải nghiệm biển thú vị số 209,22902890.0,2,29,easy,6,3.6,1,2025-09-30 20:45:07
210,Tour City tour 210,Chưa rõ,city tour,Trải nghiệm city tour thú vị số 210,23652043.0,3,24,easy,4,4.9,1,2025-09-30 20:45:07
211,Tour Quốc tế 211,Thái Lan,quốc tế,Trải nghiệm quốc tế thú vị số 211,7426770.0,3,11,easy,1,3.8,1,2025-09-30 20:45:07
212,Tour Quốc tế 212,Nhật Bản,quốc tế,Trải nghiệm quốc tế thú vị số 212,14382607.0,3,28,medium,6,3.8,1,2025-09-30 20:45:07
213,Tour Leo núi 213,Sa Pa,leo núi,Trải nghiệm leo núi thú vị số 213,20562202.0,2,16,hard,4,4.5,1,2025-09-30 20:45:07
214,Tour Cắm trại 214,Ba Vì,cắm trại,Trải nghiệm cắm trại thú vị số 214,4852176.0,1,23,easy,6,4.3,1,2025-09-30 20:45:07
215,Tour Leo núi 215,Sa Pa,leo núi,Trải nghiệm leo núi thú vị số 215,28183425.0,3,29,hard,7,3.8,1,2025-09-30 20:45:07
216,Tour Quốc tế 216,Hàn Quốc,quốc tế,Trải nghiệm quốc tế thú vị số 216,29833538.0,1,17,hard,2,4.3,1,2025-09-30 20:45:07
217,Tour Biển 217,Nha Trang,biển,Trải nghiệm biển thú vị số 217,10448557.0,1,13,easy,7,3.6,1,2025-09-30 20:45:07
218,Tour Biển 218,Nha Trang,biển,Trải nghiệm biển thú vị số 218,23736522.0,2,30,easy,3,4.1,1,2025-09-30 20:45:07
219,Tour Quốc tế 219,Malaysia,quốc tế,Trải nghiệm quốc tế thú vị số 219,7389670.0,1,16,medium,2,4.2,1,2025-09-30 20:45:07
220,Tour Biển 220,Quảng Ninh,biển,Trải nghiệm biển thú vị số 220,12124948.0,3,29,medium,2,3.8,1,2025-09-30 20:45:07
221,Tour Leo núi 221,Hà Giang,leo núi,Trải nghiệm leo núi thú vị số 221,28056706.0,2,27,easy,4,3.8,1,2025-09-30 20:45:07
222,Tour Leo núi 222,Sa Pa,leo núi,Trải nghiệm leo núi thú vị số 222,28229857.0,2,21,medium,4,4.2,1,2025-09-30 20:45:07
223,Tour Quốc tế 223,Hàn Quốc,quốc tế,Trải nghiệm quốc tế thú vị số 223,28404273.0,1,26,easy,3,3.5,1,2025-09-30 20:45:07
224,Tour City tour 224,Chưa rõ,city tour,Trải nghiệm city tour thú vị số 224,26418562.0,1,10,hard,7,4.3,1,2025-09-30 20:45:07
225,Tour Biển 225,Đà Nẵng,biển,Trải nghiệm biển thú vị số 225,12588933.0,1,14,easy,1,4.1,1,2025-09-30 20:45:07
226,Tour Cắm trại 226,Đồng Nai,cắm trại,Trải nghiệm cắm trại thú vị số 226,6408874.0,2,25,hard,1,3.7,1,2025-09-30 20:45:07
227,Tour City tour 227,Chưa rõ,city tour,Trải nghiệm city tour thú vị số 227,12378257.0,2,19,medium,2,4.6,1,2025-09-30 20:45:07
228,Tour Biển 228,Đà Nẵng,biển,Trải nghiệm biển thú vị số 228,9436823.0,3,17,easy,2,4.7,1,2025-09-30 20:45:07
229,Tour Biển 229,Quảng Ninh,biển,Trải nghiệm biển thú vị số 229,13169645.0,3,19,medium,4,4.0,1,2025-09-30 20:45:07
230,Tour City tour 230,Chưa rõ,city tour,Trải nghiệm city tour thú vị số 230,18993063.0,2,14,hard,4,3.7,1,2025-09-30 20:45:07
231,Tour Leo núi 231,Đà Lạt,leo núi,Trải nghiệm leo núi thú vị số 231,24255529.0,1,24,medium,2,3.9,1,2025-09-30 20:45:07
232,Tour Quốc tế 232,Singapore,quốc tế,Trải nghiệm quốc tế thú vị số 232,23481034.0,2,15,medium,3,3.8,1,2025-09-30 20:45:07
233,Tour City tour 233,Chưa rõ,city tour,Trải nghiệm city tour thú vị số 233,25065922.0,2,20,medium,4,4.2,1,2025-09-30 20:45:07
234,Tour Cắm trại 234,Đà Lạt,cắm trại,Trải nghiệm cắm trại thú vị số 234,1318077.0,1,14,hard,3,3.9,1,2025-09-30 20:45:07
235,Tour Biển 235,Đà Nẵng,biển,Trải nghiệm biển thú vị số 235,1708672.0,1,19,medium,4,4.6,1,2025-09-30 20:45:07
236,Tour City tour 236,Chưa rõ,city tour,Trải nghiệm city tour thú vị số 236,3923522.0,1,16,hard,5,4.6,1,2025-09-30 20:45:07
237,Tour Cắm trại 237,Đồng Nai,cắm trại,Trải nghiệm cắm trại thú vị số 237,8326526.0,2,16,easy,3,4.6,1,2025-09-30 20:45:07
238,Tour Cắm trại 238,Ba Vì,cắm trại,Trải nghiệm cắm trại thú vị số 238,4335857.0,2,14,hard,1,4.1,1,2025-09-30 20:45:07
239,Tour Cắm trại 239,Ba Vì,cắm trại,Trải nghiệm cắm trại thú vị số 239,27523989.0,3,23,hard,6,3.5,1,2025-09-30 20:45:07
240,Tour Leo núi 240,Hà Giang,leo núi,Trải nghiệm leo núi thú vị số 240,20174358.0,2,25,medium,7,4.5,1,2025-09-30 20:45:07
241,Tour Quốc tế 241,Malaysia,quốc tế,Trải nghiệm quốc tế thú vị số 241,5208503.0,3,24,medium,3,4.1,1,2025-09-30 20:45:07
242,Tour Biển 242,Đà Nẵng,biển,Trải nghiệm biển thú vị số 242,16021934.0,2,28,medium,5,4.9,1,2025-09-30 20:45:07
243,Tour City tour 243,Chưa rõ,city tour,Trải nghiệm city tour thú vị số 243,27645053.0,3,26,hard,7,4.9,1,2025-09-30 20:45:07
244,Tour Biển 244,Đà Nẵng,biển,Trải nghiệm biển thú vị số 244,27965586.0,3,23,medium,6,4.4,1,2025-09-30 20:45:07
245,Tour Quốc tế 245,Malaysia,quốc tế,Trải nghiệm quốc tế thú vị số 245,28094997.0,1,20,medium,6,4.8,1,2025-09-30 20:45:07
246,Tour Quốc tế 246,Thái Lan,quốc tế,Trải nghiệm quốc tế thú vị số 246,21221123.0,2,18,hard,4,3.9,1,2025-09-30 20:45:07
247,Tour Biển 247,Đà Nẵng,biển,Trải nghiệm biển thú vị số 247,17891158.0,1,30,easy,2,3.9,1,2025-09-30 20:45:07
248,Tour Biển 248,Quảng Ninh,biển,Trải nghiệm biển thú vị số 248,22520387.0,1,23,hard,7,4.6,1,2025-09-30 20:45:07
249,Tour City tour 249,Chưa rõ,city tour,Trải nghiệm city tour thú vị số 249,5650239.0,2,29,medium,3,4.1,1,2025-09-30 20:45:07
250,Tour City tour 250,Chưa rõ,city tour,Trải nghiệm city tour thú vị số 250,2004168.0,3,13,hard,6,4.9,1,2025-09-30 20:45:07
251,Tour City tour 251,Chưa rõ,city tour,Trải nghiệm city tour thú vị số 251,4463468.0,1,18,hard,3,4.5,1,2025-09-30 20:45:07
252,Tour Quốc tế 252,Thái Lan,quốc tế,Trải nghiệm quốc tế thú vị số 252,10288900.0,2,12,easy,3,4.0,1,2025-09-30 20:45:07
253,Tour Cắm trại 253,Ba Vì,cắm trại,Trải nghiệm cắm trại thú vị số 253,9077080.0,3,20,hard,7,4.6,1,2025-09-30 20:45:07
254,Tour City tour 254,Chưa rõ,city tour,Trải nghiệm city tour thú vị số 254,27084605.0,1,17,hard,2,4.5,1,2025-09-30 20:45:07
255,Tour City tour 255,Chưa rõ,city tour,Trải nghiệm city tour thú vị số 255,20325827.0,2,18,easy,1,4.3,1,2025-09-30 20:45:07
256,Tour Quốc tế 256,Hàn Quốc,quốc tế,Trải nghiệm quốc tế thú vị số 256,13871205.0,3,24,easy,2,4.1,1,2025-09-30 20:45:07
257,Tour City tour 257,Chưa rõ,city tour,Trải nghiệm city tour thú vị số 257,29476643.0,2,17,medium,1,3.8,1,2025-09-30 20:45:07
258,Tour Quốc tế 258,Nhật Bản,quốc tế,Trải nghiệm quốc tế thú vị số 258,28643732.0,2,12,hard,3,3.7,1,2025-09-30 20:45:07
259,Tour Quốc tế 259,Nhật Bản,quốc tế,Trải nghiệm quốc tế thú vị số 259,14540784.0,1,22,hard,6,4.0,1,2025-09-30 20:45:07
260,Tour Cắm trại 260,Đà Lạt,cắm trại,Trải nghiệm cắm trại thú vị số 260,28154861.0,3,21,hard,1,4.5,1,2025-09-30 20:45:07
261,Tour Biển 261,Quảng Ninh,biển,Trải nghiệm biển thú vị số 261,10292896.0,1,29,easy,6,4.9,1,2025-09-30 20:45:07
262,Tour Leo núi 262,Sa Pa,leo núi,Trải nghiệm leo núi thú vị số 262,10103924.0,3,11,medium,7,4.0,1,2025-09-30 20:45:07
263,Tour Leo núi 263,Sa Pa,leo núi,Trải nghiệm leo núi thú vị số 263,11512725.0,1,19,medium,7,4.9,1,2025-09-30 20:45:07
264,Tour City tour 264,Chưa rõ,city tour,Trải nghiệm city tour thú vị số 264,25349689.0,3,24,easy,4,4.4,1,2025-09-30 20:45:07
265,Tour City tour 265,Chưa rõ,city tour,Trải nghiệm city tour thú vị số 265,29268583.0,1,12,medium,3,3.7,1,2025-09-30 20:45:07
266,Tour Biển 266,Nha Trang,biển,Trải nghiệm biển thú vị số 266,9027941.0,2,25,hard,2,3.9,1,2025-09-30 20:45:07
267,Tour Cắm trại 267,Ba Vì,cắm trại,Trải nghiệm cắm trại thú vị số 267,1348919.0,1,20,medium,5,3.7,1,2025-09-30 20:45:07
268,Tour Cắm trại 268,Đà Lạt,cắm trại,Trải nghiệm cắm trại thú vị số 268,5947241.0,1,13,easy,5,4.3,1,2025-09-30 20:45:07
269,Tour Quốc tế 269,Thái Lan,quốc tế,Trải nghiệm quốc tế thú vị số 269,9699917.0,1,10,hard,4,4.8,1,2025-09-30 20:45:07
270,Tour Cắm trại 270,Đồng Nai,cắm trại,Trải nghiệm cắm trại thú vị số 270,15558531.0,2,21,easy,6,4.1,1,2025-09-30 20:45:07
271,Tour Cắm trại 271,Đà Lạt,cắm trại,Trải nghiệm cắm trại thú vị số 271,8586853.0,2,17,easy,3,4.7,1,2025-09-30 20:45:07
272,Tour Biển 272,Nha Trang,biển,Trải nghiệm biển thú vị số 272,27613793.0,3,18,easy,4,3.5,1,2025-09-30 20:45:07
273,Tour Cắm trại 273,Đồng Nai,cắm trại,Trải nghiệm cắm trại thú vị số 273,29700233.0,1,25,hard,5,4.9,1,2025-09-30 20:45:07
274,Tour Biển 274,Nha Trang,biển,Trải nghiệm biển thú vị số 274,15865453.0,2,12,medium,4,3.9,1,2025-09-30 20:45:07
275,Tour City tour 275,Chưa rõ,city tour,Trải nghiệm city tour thú vị số 275,13135939.0,3,15,hard,1,3.6,1,2025-09-30 20:45:07
276,Tour Quốc tế 276,Malaysia,quốc tế,Trải nghiệm quốc tế thú vị số 276,7885911.0,3,22,medium,1,4.2,1,2025-09-30 20:45:07
277,Tour Leo núi 277,Hà Giang,leo núi,Trải nghiệm leo núi thú vị số 277,20066111.0,1,29,medium,1,4.9,1,2025-09-30 20:45:07
278,Tour City tour 278,Chưa rõ,city tour,Trải nghiệm city tour thú vị số 278,28340834.0,2,23,medium,7,4.9,1,2025-09-30 20:45:07
279,Tour Cắm trại 279,Đồng Nai,cắm trại,Trải nghiệm cắm trại thú vị số 279,13281458.0,3,10,hard,7,3.8,1,2025-09-30 20:45:07
280,Tour Biển 280,Quảng Ninh,biển,Trải nghiệm biển thú vị số 280,1385074.0,2,29,medium,3,3.8,1,2025-09-30 20:45:07
281,Tour Cắm trại 281,Đà Lạt,cắm trại,Trải nghiệm cắm trại thú vị số 281,2933707.0,3,17,easy,1,4.0,1,2025-09-30 20:45:07
282,Tour Cắm trại 282,Ba Vì,cắm trại,Trải nghiệm cắm trại thú vị số 282,21324199.0,2,10,hard,7,4.0,1,2025-09-30 20:45:07
283,Tour Leo núi 283,Đà Lạt,leo núi,Trải nghiệm leo núi thú vị số 283,5701327.0,1,23,easy,2,4.1,1,2025-09-30 20:45:07
284,Tour Leo núi 284,Đà Lạt,leo núi,Trải nghiệm leo núi thú vị số 284,2807979.0,2,30,easy,3,4.7,1,2025-09-30 20:45:07
285,Tour City tour 285,Chưa rõ,city tour,Trải nghiệm city tour thú vị số 285,18433182.0,3,28,easy,1,3.7,1,2025-09-30 20:45:07
286,Tour Quốc tế 286,Thái Lan,quốc tế,Trải nghiệm quốc tế thú vị số 286,12278951.0,2,18,easy,3,3.8,1,2025-09-30 20:45:07
287,Tour City tour 287,Chưa rõ,city tour,Trải nghiệm city tour thú vị số 287,7332867.0,2,23,medium,2,4.1,1,2025-09-30 20:45:07
288,Tour City tour 288,Chưa rõ,city tour,Trải nghiệm city tour thú vị số 288,6175942.0,1,19,easy,6,3.5,1,2025-09-30 20:45:07
289,Tour Leo núi 289,Ninh Bình,leo núi,Trải nghiệm leo núi thú vị số 289,11522615.0,3,20,medium,6,4.8,1,2025-09-30 20:45:07
290,Tour Biển 290,Nha Trang,biển,Trải nghiệm biển thú vị số 290,21086849.0,3,30,hard,5,4.8,1,2025-09-30 20:45:07
291,Tour City tour 291,Chưa rõ,city tour,Trải nghiệm city tour thú vị số 291,29897517.0,3,12,hard,6,3.8,1,2025-09-30 20:45:07
292,Tour Cắm trại 292,Đà Lạt,cắm trại,Trải nghiệm cắm trại thú vị số 292,1730276.0,2,28,easy,4,4.3,1,2025-09-30 20:45:07
293,Tour Quốc tế 293,Nhật Bản,quốc tế,Trải nghiệm quốc tế thú vị số 293,22463340.0,2,19,hard,6,4.5,1,2025-09-30 20:45:07
294,Tour Biển 294,Quảng Ninh,biển,Trải nghiệm biển thú vị số 294,15269430.0,3,13,easy,7,3.9,1,2025-09-30 20:45:07
295,Tour Biển 295,Nha Trang,biển,Trải nghiệm biển thú vị số 295,7818161.0,1,30,hard,3,3.5,1,2025-09-30 20:45:07
296,Tour Quốc tế 296,Singapore,quốc tế,Trải nghiệm quốc tế thú vị số 296,15197198.0,1,10,medium,2,3.9,1,2025-09-30 20:45:07
297,Tour City tour 297,Chưa rõ,city tour,Trải nghiệm city tour thú vị số 297,26076281.0,1,17,medium,3,4.1,1,2025-09-30 20:45:07
298,Tour Quốc tế 298,Singapore,quốc tế,Trải nghiệm quốc tế thú vị số 298,4431601.0,3,25,medium,2,4.7,1,2025-09-30 20:45:07
299,Tour City tour 299,Chưa rõ,city tour,Trải nghiệm city tour thú vị số 299,16818544.0,3,25,medium,2,3.5,1,2025-09-30 20:45:07
300,Tour Quốc tế 300,Malaysia,quốc tế,Trải nghiệm quốc tế thú vị số 300,25928574.0,3,19,medium,2,4.2,1,2025-09-30 20:45:07
301,Tour Quốc tế 301,Thái Lan,quốc tế,Trải nghiệm quốc tế thú vị số 301,29899174.0,3,13,hard,5,4.6,1,2025-09-30 20:45:07
302,Tour Quốc tế 302,Malaysia,quốc tế,Trải nghiệm quốc tế thú vị số 302,28118368.0,1,29,easy,3,4.1,1,2025-09-30 20:45:07
303,Tour Leo núi 303,Ninh Bình,leo núi,Trải nghiệm leo núi thú vị số 303,22316129.0,3,13,medium,2,4.3,1,2025-09-30 20:45:07
304,Tour Cắm trại 304,Đồng Nai,cắm trại,Trải nghiệm cắm trại thú vị số 304,11548030.0,1,28,hard,3,3.8,1,2025-09-30 20:45:07
305,Tour Leo núi 305,Sa Pa,leo núi,Trải nghiệm leo núi thú vị số 305,18678589.0,2,26,medium,5,4.8,1,2025-09-30 20:45:07
306,Tour Cắm trại 306,Đà Lạt,cắm trại,Trải nghiệm cắm trại thú vị số 306,9532846.0,3,20,medium,5,3.9,1,2025-09-30 20:45:07
307,Tour Leo núi 307,Hà Giang,leo núi,Trải nghiệm leo núi thú vị số 307,24760486.0,3,27,easy,3,4.5,1,2025-09-30 20:45:07
308,Tour City tour 308,Chưa rõ,city tour,Trải nghiệm city tour thú vị số 308,11596438.0,2,26,hard,6,4.1,1,2025-09-30 20:45:07
309,Tour Leo núi 309,Hà Giang,leo núi,Trải nghiệm leo núi thú vị số 309,14837958.0,3,13,hard,1,4.3,1,2025-09-30 20:45:07
310,Tour Leo núi 310,Đà Lạt,leo núi,Trải nghiệm leo núi thú vị số 310,5438960.0,2,24,medium,4,4.1,1,2025-09-30 20:45:07
311,Tour Biển 311,Đà Nẵng,biển,Trải nghiệm biển thú vị số 311,9534045.0,3,17,easy,2,4.0,1,2025-09-30 20:45:07
312,Tour City tour 312,Chưa rõ,city tour,Trải nghiệm city tour thú vị số 312,7314973.0,2,28,hard,1,4.0,1,2025-09-30 20:45:07
313,Tour Cắm trại 313,Đà Lạt,cắm trại,Trải nghiệm cắm trại thú vị số 313,21281147.0,2,12,hard,4,3.7,1,2025-09-30 20:45:07
314,Tour Quốc tế 314,Malaysia,quốc tế,Trải nghiệm quốc tế thú vị số 314,16808760.0,2,17,easy,7,3.8,1,2025-09-30 20:45:07
315,Tour Quốc tế 315,Thái Lan,quốc tế,Trải nghiệm quốc tế thú vị số 315,5899281.0,2,28,easy,2,4.8,1,2025-09-30 20:45:07
316,Tour Leo núi 316,Hà Giang,leo núi,Trải nghiệm leo núi thú vị số 316,13329028.0,3,12,easy,2,5.0,1,2025-09-30 20:45:07
317,Tour Leo núi 317,Ninh Bình,leo núi,Trải nghiệm leo núi thú vị số 317,29118538.0,3,27,easy,2,3.6,1,2025-09-30 20:45:07
318,Tour City tour 318,Chưa rõ,city tour,Trải nghiệm city tour thú vị số 318,16617207.0,2,11,easy,1,3.5,1,2025-09-30 20:45:07
319,Tour Cắm trại 319,Đồng Nai,cắm trại,Trải nghiệm cắm trại thú vị số 319,14391405.0,1,10,medium,3,4.2,1,2025-09-30 20:45:07
320,Tour Leo núi 320,Đà Lạt,leo núi,Trải nghiệm leo núi thú vị số 320,7366099.0,2,25,easy,6,4.6,1,2025-09-30 20:45:07
321,Tour City tour 321,Chưa rõ,city tour,Trải nghiệm city tour thú vị số 321,5780608.0,2,20,easy,3,3.5,1,2025-09-30 20:45:07
322,Tour City tour 322,Chưa rõ,city tour,Trải nghiệm city tour thú vị số 322,12313724.0,2,19,medium,7,3.9,1,2025-09-30 20:45:07
323,Tour Leo núi 323,Hà Giang,leo núi,Trải nghiệm leo núi thú vị số 323,4905340.0,3,14,hard,2,4.5,1,2025-09-30 20:45:07
324,Tour Biển 324,Phú Quốc,biển,Trải nghiệm biển thú vị số 324,26933872.0,1,16,easy,2,3.6,1,2025-09-30 20:45:07
325,Tour Biển 325,Phú Quốc,biển,Trải nghiệm biển thú vị số 325,12095031.0,3,20,easy,1,3.5,1,2025-09-30 20:45:07
326,Tour City tour 326,Chưa rõ,city tour,Trải nghiệm city tour thú vị số 326,14512785.0,1,18,easy,4,4.4,1,2025-09-30 20:45:07
327,Tour City tour 327,Chưa rõ,city tour,Trải nghiệm city tour thú vị số 327,10994420.0,1,10,easy,2,4.8,1,2025-09-30 20:45:07
328,Tour Leo núi 328,Hà Giang,leo núi,Trải nghiệm leo núi thú vị số 328,18418285.0,1,25,hard,2,4.8,1,2025-09-30 20:45:07
329,Tour Leo núi 329,Ninh Bình,leo núi,Trải nghiệm leo núi thú vị số 329,18684432.0,1,24,medium,6,4.8,1,2025-09-30 20:45:07
330,Tour City tour 330,Chưa rõ,city tour,Trải nghiệm city tour thú vị số 330,25957670.0,1,17,medium,3,4.6,1,2025-09-30 20:45:07
331,Tour Cắm trại 331,Ba Vì,cắm trại,Trải nghiệm cắm trại thú vị số 331,21175041.0,2,25,hard,5,4.6,1,2025-09-30 20:45:07
332,Tour Quốc tế 332,Thái Lan,quốc tế,Trải nghiệm quốc tế thú vị số 332,9360523.0,1,21,easy,7,4.3,1,2025-09-30 20:45:07
333,Tour City tour 333,Chưa rõ,city tour,Trải nghiệm city tour thú vị số 333,16870347.0,3,23,easy,6,4.5,1,2025-09-30 20:45:07
334,Tour City tour 334,Chưa rõ,city tour,Trải nghiệm city tour thú vị số 334,27293562.0,1,24,easy,1,4.7,1,2025-09-30 20:45:07
335,Tour Biển 335,Quảng Ninh,biển,Trải nghiệm biển thú vị số 335,8747893.0,1,25,medium,5,5.0,1,2025-09-30 20:45:07
336,Tour Biển 336,Đà Nẵng,biển,Trải nghiệm biển thú vị số 336,11812796.0,3,23,easy,5,3.5,1,2025-09-30 20:45:07
337,Tour Leo núi 337,Ninh Bình,leo núi,Trải nghiệm leo núi thú vị số 337,29251246.0,3,29,medium,2,4.5,1,2025-09-30 20:45:07
338,Tour Leo núi 338,Đà Lạt,leo núi,Trải nghiệm leo núi thú vị số 338,25051426.0,1,11,medium,3,3.6,1,2025-09-30 20:45:07
339,Tour Biển 339,Đà Nẵng,biển,Trải nghiệm biển thú vị số 339,9023988.0,3,14,easy,2,3.7,1,2025-09-30 20:45:07
340,Tour Leo núi 340,Sa Pa,leo núi,Trải nghiệm leo núi thú vị số 340,21985780.0,2,22,easy,4,4.0,1,2025-09-30 20:45:07
341,Tour Leo núi 341,Hà Giang,leo núi,Trải nghiệm leo núi thú vị số 341,23009702.0,1,24,medium,3,4.9,1,2025-09-30 20:45:07
342,Tour City tour 342,Chưa rõ,city tour,Trải nghiệm city tour thú vị số 342,25226437.0,2,14,easy,2,3.5,1,2025-09-30 20:45:07
343,Tour Leo núi 343,Hà Giang,leo núi,Trải nghiệm leo núi thú vị số 343,1434247.0,1,27,hard,7,4.1,1,2025-09-30 20:45:07
344,Tour Biển 344,Quảng Ninh,biển,Trải nghiệm biển thú vị số 344,21326355.0,3,12,medium,1,4.8,1,2025-09-30 20:45:07
345,Tour Leo núi 345,Đà Lạt,leo núi,Trải nghiệm leo núi thú vị số 345,23557693.0,2,17,medium,6,4.7,1,2025-09-30 20:45:07
346,Tour Biển 346,Quảng Ninh,biển,Trải nghiệm biển thú vị số 346,10201229.0,1,25,hard,5,3.7,1,2025-09-30 20:45:07
347,Tour City tour 347,Chưa rõ,city tour,Trải nghiệm city tour thú vị số 347,16118908.0,3,29,hard,4,3.7,1,2025-09-30 20:45:07
348,Tour Quốc tế 348,Nhật Bản,quốc tế,Trải nghiệm quốc tế thú vị số 348,15064274.0,3,13,easy,2,4.8,1,2025-09-30 20:45:07
349,Tour Biển 349,Nha Trang,biển,Trải nghiệm biển thú vị số 349,23152119.0,1,21,easy,6,4.6,1,2025-09-30 20:45:07
350,Tour Leo núi 350,Sa Pa,leo núi,Trải nghiệm leo núi thú vị số 350,11058390.0,1,15,easy,6,3.6,1,2025-09-30 20:45:07
351,Tour City tour 351,Chưa rõ,city tour,Trải nghiệm city tour thú vị số 351,27340139.0,3,15,easy,6,4.1,1,2025-09-30 20:45:07
352,Tour Cắm trại 352,Ba Vì,cắm trại,Trải nghiệm cắm trại thú vị số 352,7670967.0,2,25,medium,7,4.7,1,2025-09-30 20:45:07
353,Tour Cắm trại 353,Ba Vì,cắm trại,Trải nghiệm cắm trại thú vị số 353,19811251.0,1,17,easy,3,4.4,1,2025-09-30 20:45:07
354,Tour City tour 354,Chưa rõ,city tour,Trải nghiệm city tour thú vị số 354,1814044.0,2,28,medium,5,3.6,1,2025-09-30 20:45:07
355,Tour Quốc tế 355,Thái Lan,quốc tế,Trải nghiệm quốc tế thú vị số 355,12668373.0,1,26,easy,6,3.5,1,2025-09-30 20:45:07
356,Tour Cắm trại 356,Đà Lạt,cắm trại,Trải nghiệm cắm trại thú vị số 356,29066275.0,3,26,easy,3,3.9,1,2025-09-30 20:45:07
357,Tour City tour 357,Chưa rõ,city tour,Trải nghiệm city tour thú vị số 357,24146300.0,3,19,easy,4,4.7,1,2025-09-30 20:45:07
358,Tour Cắm trại 358,Đà Lạt,cắm trại,Trải nghiệm cắm trại thú vị số 358,26116520.0,3,24,medium,7,4.1,1,2025-09-30 20:45:07
359,Tour Biển 359,Quảng Ninh,biển,Trải nghiệm biển thú vị số 359,5301728.0,1,27,medium,4,4.6,1,2025-09-30 20:45:07
360,Tour Leo núi 360,Ninh Bình,leo núi,Trải nghiệm leo núi thú vị số 360,3687235.0,3,18,medium,1,3.6,1,2025-09-30 20:45:07
361,Tour Leo núi 361,Sa Pa,leo núi,Trải nghiệm leo núi thú vị số 361,13840169.0,2,22,medium,6,4.0,1,2025-09-30 20:45:07
362,Tour Biển 362,Phú Quốc,biển,Trải nghiệm biển thú vị số 362,19172618.0,2,18,medium,7,4.5,1,2025-09-30 20:45:07
363,Tour Cắm trại 363,Ba Vì,cắm trại,Trải nghiệm cắm trại thú vị số 363,22125751.0,3,19,hard,1,4.2,1,2025-09-30 20:45:07
364,Tour Cắm trại 364,Đà Lạt,cắm trại,Trải nghiệm cắm trại thú vị số 364,15705877.0,2,14,hard,6,4.7,1,2025-09-30 20:45:07
365,Tour City tour 365,Chưa rõ,city tour,Trải nghiệm city tour thú vị số 365,5957566.0,2,19,hard,5,4.3,1,2025-09-30 20:45:07
366,Tour City tour 366,Chưa rõ,city tour,Trải nghiệm city tour thú vị số 366,23509645.0,2,21,easy,2,4.2,1,2025-09-30 20:45:07
367,Tour Cắm trại 367,Đồng Nai,cắm trại,Trải nghiệm cắm trại thú vị số 367,20688079.0,2,29,easy,1,4.7,1,2025-09-30 20:45:07
368,Tour Leo núi 368,Ninh Bình,leo núi,Trải nghiệm leo núi thú vị số 368,17311133.0,2,29,hard,1,3.9,1,2025-09-30 20:45:07
369,Tour Cắm trại 369,Đà Lạt,cắm trại,Trải nghiệm cắm trại thú vị số 369,13687231.0,1,27,hard,1,4.1,1,2025-09-30 20:45:07
370,Tour City tour 370,Chưa rõ,city tour,Trải nghiệm city tour thú vị số 370,1478301.0,3,26,easy,3,4.5,1,2025-09-30 20:45:07
371,Tour Biển 371,Quảng Ninh,biển,Trải nghiệm biển thú vị số 371,23218608.0,3,28,easy,3,4.5,1,2025-09-30 20:45:07
372,Tour Cắm trại 372,Ba Vì,cắm trại,Trải nghiệm cắm trại thú vị số 372,5155268.0,1,23,hard,4,4.9,1,2025-09-30 20:45:07
373,Tour City tour 373,Chưa rõ,city tour,Trải nghiệm city tour thú vị số 373,27220978.0,2,28,medium,5,4.9,1,2025-09-30 20:45:07
374,Tour Biển 374,Quảng Ninh,biển,Trải nghiệm biển thú vị số 374,12293205.0,2,12,medium,3,4.7,1,2025-09-30 20:45:07
375,Tour City tour 375,Chưa rõ,city tour,Trải nghiệm city tour thú vị số 375,11524185.0,1,29,easy,2,4.5,1,2025-09-30 20:45:07
376,Tour Quốc tế 376,Singapore,quốc tế,Trải nghiệm quốc tế thú vị số 376,10771079.0,1,26,hard,6,4.7,1,2025-09-30 20:45:07
377,Tour Cắm trại 377,Đồng Nai,cắm trại,Trải nghiệm cắm trại thú vị số 377,17188483.0,3,30,medium,1,3.9,1,2025-09-30 20:45:07
378,Tour Quốc tế 378,Singapore,quốc tế,Trải nghiệm quốc tế thú vị số 378,5606323.0,3,27,medium,3,3.6,1,2025-09-30 20:45:07
379,Tour Quốc tế 379,Nhật Bản,quốc tế,Trải nghiệm quốc tế thú vị số 379,21832871.0,2,12,medium,6,4.4,1,2025-09-30 20:45:07
380,Tour Biển 380,Phú Quốc,biển,Trải nghiệm biển thú vị số 380,29421383.0,1,24,easy,2,4.0,1,2025-09-30 20:45:07
381,Tour Biển 381,Phú Quốc,biển,Trải nghiệm biển thú vị số 381,4464988.0,2,19,easy,1,3.9,1,2025-09-30 20:45:07
382,Tour Cắm trại 382,Đồng Nai,cắm trại,Trải nghiệm cắm trại thú vị số 382,19825405.0,1,18,medium,5,3.7,1,2025-09-30 20:45:07
383,Tour Biển 383,Đà Nẵng,biển,Trải nghiệm biển thú vị số 383,12056808.0,3,11,hard,2,4.6,1,2025-09-30 20:45:07
384,Tour City tour 384,Chưa rõ,city tour,Trải nghiệm city tour thú vị số 384,6039735.0,1,13,medium,6,4.0,1,2025-09-30 20:45:07
385,Tour Quốc tế 385,Nhật Bản,quốc tế,Trải nghiệm quốc tế thú vị số 385,10934101.0,1,18,hard,1,4.8,1,2025-09-30 20:45:07
386,Tour Cắm trại 386,Đà Lạt,cắm trại,Trải nghiệm cắm trại thú vị số 386,29759890.0,1,11,easy,6,3.5,1,2025-09-30 20:45:07
387,Tour Quốc tế 387,Singapore,quốc tế,Trải nghiệm quốc tế thú vị số 387,23234699.0,2,27,hard,6,4.8,1,2025-09-30 20:45:07
388,Tour Quốc tế 388,Singapore,quốc tế,Trải nghiệm quốc tế thú vị số 388,23913758.0,1,13,medium,5,4.3,1,2025-09-30 20:45:07
389,Tour Leo núi 389,Hà Giang,leo núi,Trải nghiệm leo núi thú vị số 389,1900921.0,1,13,medium,7,3.6,1,2025-09-30 20:45:07
390,Tour Cắm trại 390,Đồng Nai,cắm trại,Trải nghiệm cắm trại thú vị số 390,6862878.0,2,10,easy,6,4.4,1,2025-09-30 20:45:07
391,Tour Cắm trại 391,Đồng Nai,cắm trại,Trải nghiệm cắm trại thú vị số 391,4675174.0,2,28,easy,1,4.2,1,2025-09-30 20:45:07
392,Tour Cắm trại 392,Đà Lạt,cắm trại,Trải nghiệm cắm trại thú vị số 392,13647863.0,2,18,easy,2,4.6,1,2025-09-30 20:45:07
393,Tour Quốc tế 393,Hàn Quốc,quốc tế,Trải nghiệm quốc tế thú vị số 393,15831339.0,2,16,hard,6,3.7,1,2025-09-30 20:45:07
394,Tour City tour 394,Chưa rõ,city tour,Trải nghiệm city tour thú vị số 394,13787175.0,3,21,hard,4,4.6,1,2025-09-30 20:45:07
395,Tour Quốc tế 395,Nhật Bản,quốc tế,Trải nghiệm quốc tế thú vị số 395,12637506.0,3,22,hard,5,3.8,1,2025-09-30 20:45:07
396,Tour Biển 396,Nha Trang,biển,Trải nghiệm biển thú vị số 396,6938935.0,3,26,hard,4,3.8,1,2025-09-30 20:45:07
397,Tour Biển 397,Đà Nẵng,biển,Trải nghiệm biển thú vị số 397,11748200.0,3,18,medium,5,4.9,1,2025-09-30 20:45:07
398,Tour City tour 398,Chưa rõ,city tour,Trải nghiệm city tour thú vị số 398,20834928.0,3,19,easy,2,4.1,1,2025-09-30 20:45:07
399,Tour Biển 399,Đà Nẵng,biển,Trải nghiệm biển thú vị số 399,17494392.0,2,27,medium,1,3.8,1,2025-09-30 20:45:07
400,Tour City tour 400,Chưa rõ,city tour,Trải nghiệm city tour thú vị số 400,9724541.0,3,16,hard,6,4.1,1,2025-09-30 20:45:07
401,Tour Quốc tế 401,Malaysia,quốc tế,Trải nghiệm quốc tế thú vị số 401,14328533.0,3,15,medium,3,3.9,1,2025-09-30 20:45:07
402,Tour Leo núi 402,Hà Giang,leo núi,Trải nghiệm leo núi thú vị số 402,25808871.0,1,28,easy,6,4.9,1,2025-09-30 20:45:07
403,Tour Cắm trại 403,Đồng Nai,cắm trại,Trải nghiệm cắm trại thú vị số 403,9743516.0,1,16,medium,7,4.2,1,2025-09-30 20:45:07
404,Tour Cắm trại 404,Ba Vì,cắm trại,Trải nghiệm cắm trại thú vị số 404,12705942.0,2,29,medium,2,3.7,1,2025-09-30 20:45:07
405,Tour Biển 405,Đà Nẵng,biển,Trải nghiệm biển thú vị số 405,24058713.0,2,29,hard,1,3.9,1,2025-09-30 20:45:07
406,Tour Quốc tế 406,Nhật Bản,quốc tế,Trải nghiệm quốc tế thú vị số 406,3814583.0,1,15,medium,2,4.1,1,2025-09-30 20:45:07
407,Tour Quốc tế 407,Malaysia,quốc tế,Trải nghiệm quốc tế thú vị số 407,2092772.0,2,13,easy,6,3.9,1,2025-09-30 20:45:07
408,Tour Quốc tế 408,Singapore,quốc tế,Trải nghiệm quốc tế thú vị số 408,22291859.0,3,15,easy,2,4.4,1,2025-09-30 20:45:07
409,Tour Quốc tế 409,Malaysia,quốc tế,Trải nghiệm quốc tế thú vị số 409,3431868.0,2,28,hard,1,4.5,1,2025-09-30 20:45:07
410,Tour Biển 410,Phú Quốc,biển,Trải nghiệm biển thú vị số 410,9122380.0,1,24,easy,2,4.7,1,2025-09-30 20:45:07
411,Tour Cắm trại 411,Đồng Nai,cắm trại,Trải nghiệm cắm trại thú vị số 411,23201180.0,3,27,hard,4,4.8,1,2025-09-30 20:45:07
412,Tour Leo núi 412,Đà Lạt,leo núi,Trải nghiệm leo núi thú vị số 412,6885836.0,1,10,medium,3,3.7,1,2025-09-30 20:45:07
413,Tour Cắm trại 413,Đà Lạt,cắm trại,Trải nghiệm cắm trại thú vị số 413,29885249.0,1,26,easy,3,4.4,1,2025-09-30 20:45:07
414,Tour City tour 414,Chưa rõ,city tour,Trải nghiệm city tour thú vị số 414,24887790.0,3,24,easy,1,3.5,1,2025-09-30 20:45:07
415,Tour City tour 415,Chưa rõ,city tour,Trải nghiệm city tour thú vị số 415,4274904.0,2,29,hard,5,4.9,1,2025-09-30 20:45:07
416,Tour Cắm trại 416,Ba Vì,cắm trại,Trải nghiệm cắm trại thú vị số 416,12382434.0,2,18,medium,2,4.5,1,2025-09-30 20:45:07
417,Tour Quốc tế 417,Singapore,quốc tế,Trải nghiệm quốc tế thú vị số 417,5467311.0,3,10,easy,1,4.0,1,2025-09-30 20:45:07
418,Tour Quốc tế 418,Malaysia,quốc tế,Trải nghiệm quốc tế thú vị số 418,19707533.0,1,14,easy,1,3.7,1,2025-09-30 20:45:07
419,Tour Leo núi 419,Hà Giang,leo núi,Trải nghiệm leo núi thú vị số 419,6945482.0,3,19,easy,3,4.6,1,2025-09-30 20:45:07
420,Tour Quốc tế 420,Hàn Quốc,quốc tế,Trải nghiệm quốc tế thú vị số 420,1678420.0,3,19,medium,5,3.9,1,2025-09-30 20:45:07
421,Tour City tour 421,Chưa rõ,city tour,Trải nghiệm city tour thú vị số 421,4578196.0,3,15,hard,6,4.9,1,2025-09-30 20:45:07
422,Tour Biển 422,Quảng Ninh,biển,Trải nghiệm biển thú vị số 422,22883602.0,1,28,easy,3,3.8,1,2025-09-30 20:45:07
423,Tour Cắm trại 423,Ba Vì,cắm trại,Trải nghiệm cắm trại thú vị số 423,16967717.0,1,12,medium,5,4.9,1,2025-09-30 20:45:07
424,Tour Quốc tế 424,Nhật Bản,quốc tế,Trải nghiệm quốc tế thú vị số 424,14900087.0,3,19,medium,5,3.9,1,2025-09-30 20:45:07
425,Tour City tour 425,Chưa rõ,city tour,Trải nghiệm city tour thú vị số 425,18974394.0,2,13,hard,2,5.0,1,2025-09-30 20:45:07
426,Tour City tour 426,Chưa rõ,city tour,Trải nghiệm city tour thú vị số 426,7725816.0,2,30,easy,7,4.0,1,2025-09-30 20:45:07
427,Tour Biển 427,Quảng Ninh,biển,Trải nghiệm biển thú vị số 427,22324867.0,3,25,hard,6,4.2,1,2025-09-30 20:45:07
428,Tour Quốc tế 428,Malaysia,quốc tế,Trải nghiệm quốc tế thú vị số 428,22625825.0,3,20,hard,1,4.0,1,2025-09-30 20:45:07
429,Tour City tour 429,Chưa rõ,city tour,Trải nghiệm city tour thú vị số 429,9591500.0,3,19,easy,1,4.2,1,2025-09-30 20:45:07
430,Tour Leo núi 430,Hà Giang,leo núi,Trải nghiệm leo núi thú vị số 430,19283331.0,1,15,hard,4,4.5,1,2025-09-30 20:45:07
431,Tour Cắm trại 431,Đà Lạt,cắm trại,Trải nghiệm cắm trại thú vị số 431,27552717.0,3,13,medium,1,5.0,1,2025-09-30 20:45:07
432,Tour Quốc tế 432,Malaysia,quốc tế,Trải nghiệm quốc tế thú vị số 432,5630601.0,2,21,medium,7,4.1,1,2025-09-30 20:45:07
433,Tour Biển 433,Nha Trang,biển,Trải nghiệm biển thú vị số 433,24867739.0,2,12,hard,3,4.5,1,2025-09-30 20:45:07
434,Tour Biển 434,Quảng Ninh,biển,Trải nghiệm biển thú vị số 434,28949988.0,3,18,hard,5,4.2,1,2025-09-30 20:45:07
435,Tour Leo núi 435,Ninh Bình,leo núi,Trải nghiệm leo núi thú vị số 435,21330654.0,3,18,medium,6,4.1,1,2025-09-30 20:45:07
436,Tour City tour 436,Chưa rõ,city tour,Trải nghiệm city tour thú vị số 436,27809314.0,2,28,hard,1,3.9,1,2025-09-30 20:45:07
437,Tour Leo núi 437,Đà Lạt,leo núi,Trải nghiệm leo núi thú vị số 437,21513467.0,2,23,medium,4,3.8,1,2025-09-30 20:45:07
438,Tour Leo núi 438,Đà Lạt,leo núi,Trải nghiệm leo núi thú vị số 438,5323806.0,1,11,hard,1,4.1,1,2025-09-30 20:45:07
439,Tour City tour 439,Chưa rõ,city tour,Trải nghiệm city tour thú vị số 439,15009861.0,1,20,easy,6,4.1,1,2025-09-30 20:45:07
440,Tour Cắm trại 440,Đà Lạt,cắm trại,Trải nghiệm cắm trại thú vị số 440,18029144.0,3,10,medium,7,3.5,1,2025-09-30 20:45:07
441,Tour Quốc tế 441,Singapore,quốc tế,Trải nghiệm quốc tế thú vị số 441,25988187.0,3,30,hard,5,4.1,1,2025-09-30 20:45:07
442,Tour Cắm trại 442,Đà Lạt,cắm trại,Trải nghiệm cắm trại thú vị số 442,24807046.0,3,29,medium,5,3.8,1,2025-09-30 20:45:07
443,Tour Biển 443,Phú Quốc,biển,Trải nghiệm biển thú vị số 443,15299344.0,1,13,hard,5,4.8,1,2025-09-30 20:45:07
444,Tour Biển 444,Quảng Ninh,biển,Trải nghiệm biển thú vị số 444,12318156.0,1,20,easy,2,3.6,1,2025-09-30 20:45:07
445,Tour Cắm trại 445,Ba Vì,cắm trại,Trải nghiệm cắm trại thú vị số 445,12501456.0,3,13,easy,5,4.3,1,2025-09-30 20:45:07
446,Tour Leo núi 446,Đà Lạt,leo núi,Trải nghiệm leo núi thú vị số 446,11072162.0,1,16,easy,2,4.1,1,2025-09-30 20:45:07
447,Tour Leo núi 447,Sa Pa,leo núi,Trải nghiệm leo núi thú vị số 447,3532982.0,3,29,easy,7,3.8,1,2025-09-30 20:45:07
448,Tour Biển 448,Đà Nẵng,biển,Trải nghiệm biển thú vị số 448,6418443.0,1,26,medium,1,4.4,1,2025-09-30 20:45:07
449,Tour Leo núi 449,Ninh Bình,leo núi,Trải nghiệm leo núi thú vị số 449,27971166.0,2,15,medium,2,4.0,1,2025-09-30 20:45:07
450,Tour Leo núi 450,Đà Lạt,leo núi,Trải nghiệm leo núi thú vị số 450,15632076.0,3,14,hard,7,3.6,1,2025-09-30 20:45:07
451,Tour Cắm trại 451,Đà Lạt,cắm trại,Trải nghiệm cắm trại thú vị số 451,17122306.0,1,24,easy,4,3.6,1,2025-09-30 20:45:07
452,Tour City tour 452,Chưa rõ,city tour,Trải nghiệm city tour thú vị số 452,23821898.0,2,22,medium,1,3.7,1,2025-09-30 20:45:07
453,Tour Quốc tế 453,Singapore,quốc tế,Trải nghiệm quốc tế thú vị số 453,22854540.0,2,17,hard,3,4.8,1,2025-09-30 20:45:07
454,Tour Biển 454,Nha Trang,biển,Trải nghiệm biển thú vị số 454,19824792.0,2,10,hard,5,4.7,1,2025-09-30 20:45:07
455,Tour City tour 455,Chưa rõ,city tour,Trải nghiệm city tour thú vị số 455,15845591.0,2,18,easy,5,4.8,1,2025-09-30 20:45:07
456,Tour Leo núi 456,Sa Pa,leo núi,Trải nghiệm leo núi thú vị số 456,11621767.0,1,29,hard,5,3.6,1,2025-09-30 20:45:07
457,Tour Quốc tế 457,Hàn Quốc,quốc tế,Trải nghiệm quốc tế thú vị số 457,7902789.0,2,21,hard,5,4.7,1,2025-09-30 20:45:07
458,Tour Cắm trại 458,Đà Lạt,cắm trại,Trải nghiệm cắm trại thú vị số 458,26496331.0,1,21,hard,2,3.6,1,2025-09-30 20:45:07
459,Tour City tour 459,Chưa rõ,city tour,Trải nghiệm city tour thú vị số 459,8540274.0,3,27,medium,4,3.7,1,2025-09-30 20:45:07
460,Tour City tour 460,Chưa rõ,city tour,Trải nghiệm city tour thú vị số 460,24045588.0,3,30,easy,6,4.4,1,2025-09-30 20:45:07
461,Tour Cắm trại 461,Đồng Nai,cắm trại,Trải nghiệm cắm trại thú vị số 461,10319410.0,2,29,medium,5,3.7,1,2025-09-30 20:45:07
462,Tour City tour 462,Chưa rõ,city tour,Trải nghiệm city tour thú vị số 462,27119522.0,1,10,easy,4,3.6,1,2025-09-30 20:45:07
463,Tour Quốc tế 463,Thái Lan,quốc tế,Trải nghiệm quốc tế thú vị số 463,26669486.0,1,21,hard,6,4.5,1,2025-09-30 20:45:07
464,Tour Biển 464,Quảng Ninh,biển,Trải nghiệm biển thú vị số 464,18110274.0,3,18,medium,4,3.7,1,2025-09-30 20:45:07
465,Tour Leo núi 465,Sa Pa,leo núi,Trải nghiệm leo núi thú vị số 465,9388196.0,3,13,easy,3,3.8,1,2025-09-30 20:45:07
466,Tour Leo núi 466,Hà Giang,leo núi,Trải nghiệm leo núi thú vị số 466,22324419.0,3,18,easy,5,4.4,1,2025-09-30 20:45:07
467,Tour Leo núi 467,Hà Giang,leo núi,Trải nghiệm leo núi thú vị số 467,4039489.0,1,21,hard,6,4.1,1,2025-09-30 20:45:07
468,Tour City tour 468,Chưa rõ,city tour,Trải nghiệm city tour thú vị số 468,19749624.0,3,24,easy,1,4.9,1,2025-09-30 20:45:07
469,Tour Quốc tế 469,Nhật Bản,quốc tế,Trải nghiệm quốc tế thú vị số 469,27630578.0,3,18,hard,6,4.3,1,2025-09-30 20:45:07
470,Tour City tour 470,Chưa rõ,city tour,Trải nghiệm city tour thú vị số 470,13367638.0,3,11,easy,7,3.7,1,2025-09-30 20:45:07
471,Tour Leo núi 471,Hà Giang,leo núi,Trải nghiệm leo núi thú vị số 471,18806450.0,2,14,easy,4,3.9,1,2025-09-30 20:45:07
472,Tour Quốc tế 472,Malaysia,quốc tế,Trải nghiệm quốc tế thú vị số 472,26139065.0,3,18,easy,1,4.6,1,2025-09-30 20:45:07
473,Tour Quốc tế 473,Malaysia,quốc tế,Trải nghiệm quốc tế thú vị số 473,28369249.0,1,12,medium,7,3.8,1,2025-09-30 20:45:07
474,Tour Biển 474,Đà Nẵng,biển,Trải nghiệm biển thú vị số 474,26120321.0,1,25,hard,1,3.5,1,2025-09-30 20:45:07
475,Tour Leo núi 475,Hà Giang,leo núi,Trải nghiệm leo núi thú vị số 475,6167501.0,3,17,medium,3,4.0,1,2025-09-30 20:45:07
476,Tour Biển 476,Đà Nẵng,biển,Trải nghiệm biển thú vị số 476,1846697.0,2,10,easy,1,3.8,1,2025-09-30 20:45:07
477,Tour City tour 477,Chưa rõ,city tour,Trải nghiệm city tour thú vị số 477,22261572.0,2,16,easy,4,3.9,1,2025-09-30 20:45:07
478,Tour Quốc tế 478,Singapore,quốc tế,Trải nghiệm quốc tế thú vị số 478,21071611.0,3,29,hard,4,5.0,1,2025-09-30 20:45:07
479,Tour Cắm trại 479,Ba Vì,cắm trại,Trải nghiệm cắm trại thú vị số 479,13912266.0,3,17,easy,2,3.5,1,2025-09-30 20:45:07
480,Tour Quốc tế 480,Thái Lan,quốc tế,Trải nghiệm quốc tế thú vị số 480,24719625.0,2,19,hard,7,4.8,1,2025-09-30 20:45:07
481,Tour Cắm trại 481,Đà Lạt,cắm trại,Trải nghiệm cắm trại thú vị số 481,6750965.0,3,15,easy,5,4.8,1,2025-09-30 20:45:07
482,Tour Cắm trại 482,Đồng Nai,cắm trại,Trải nghiệm cắm trại thú vị số 482,29703710.0,2,19,hard,6,4.3,1,2025-09-30 20:45:07
483,Tour Cắm trại 483,Đà Lạt,cắm trại,Trải nghiệm cắm trại thú vị số 483,16084901.0,2,23,hard,5,3.8,1,2025-09-30 20:45:07
484,Tour Biển 484,Phú Quốc,biển,Trải nghiệm biển thú vị số 484,9995154.0,3,15,medium,5,4.3,1,2025-09-30 20:45:07
485,Tour Leo núi 485,Ninh Bình,leo núi,Trải nghiệm leo núi thú vị số 485,4883371.0,1,19,medium,2,4.0,1,2025-09-30 20:45:07
486,Tour Leo núi 486,Ninh Bình,leo núi,Trải nghiệm leo núi thú vị số 486,26898650.0,2,11,medium,5,4.8,1,2025-09-30 20:45:07
487,Tour Leo núi 487,Sa Pa,leo núi,Trải nghiệm leo núi thú vị số 487,3880305.0,1,13,easy,3,4.7,1,2025-09-30 20:45:07
488,Tour City tour 488,Chưa rõ,city tour,Trải nghiệm city tour thú vị số 488,19064419.0,3,23,medium,2,4.5,1,2025-09-30 20:45:07
489,Tour Leo núi 489,Đà Lạt,leo núi,Trải nghiệm leo núi thú vị số 489,8551240.0,1,27,hard,7,4.9,1,2025-09-30 20:45:07
490,Tour Biển 490,Phú Quốc,biển,Trải nghiệm biển thú vị số 490,23269194.0,2,21,easy,5,4.1,1,2025-09-30 20:45:07
491,Tour City tour 491,Chưa rõ,city tour,Trải nghiệm city tour thú vị số 491,19734125.0,1,14,medium,3,4.3,1,2025-09-30 20:45:07
492,Tour Biển 492,Nha Trang,biển,Trải nghiệm biển thú vị số 492,25275581.0,3,10,medium,1,3.8,1,2025-09-30 20:45:07
493,Tour Biển 493,Quảng Ninh,biển,Trải nghiệm biển thú vị số 493,3120812.0,2,15,easy,1,4.6,1,2025-09-30 20:45:07
494,Tour Biển 494,Đà Nẵng,biển,Trải nghiệm biển thú vị số 494,8778671.0,1,18,easy,1,3.9,1,2025-09-30 20:45:07
495,Tour City tour 495,Chưa rõ,city tour,Trải nghiệm city tour thú vị số 495,23971039.0,1,22,medium,2,3.6,1,2025-09-30 20:45:07
496,Tour City tour 496,Chưa rõ,city tour,Trải nghiệm city tour thú vị số 496,4926214.0,1,27,hard,3,3.9,1,2025-09-30 20:45:07
497,Tour Leo núi 497,Đà Lạt,leo núi,Trải nghiệm leo núi thú vị số 497,18295132.0,3,11,hard,6,4.1,1,2025-09-30 20:45:07
498,Tour Biển 498,Nha Trang,biển,Trải nghiệm biển thú vị số 498,12636774.0,2,25,medium,2,4.4,1,2025-09-30 20:45:07
499,Tour Leo núi 499,Hà Giang,leo núi,Trải nghiệm leo núi thú vị số 499,16030165.0,3,12,medium,1,4.9,1,2025-09-30 20:45:07
500,Tour Biển 500,Quảng Ninh,biển,Trải nghiệm biển thú vị số 500,3691717.0,3,22,hard,6,4.7,1,2025-09-30 20:45:07
501,Tuor Hạ Long,Nha Trang,biển,"Hạ Long hiện nay là một trong những khu vực hình thành lâu đời nhất trên lãnh thổ Việt Nam. Có địa hình địa chất đa dạng và phức tạp bao gồm cả đồi núi, thung lũng, ven biển, hải đảo, vũng vịnh. Do đó thời tiết ở khu vực này thường bị ảnh hưởng bởi nhiều yếu tố.",50000000.0,5,10,hard,3,3.0,1,2025-10-15 21:09:58
502,Tuor Hạ Long 103,Phú Quốc,biển,"Hạ Long hiện nay là một trong những khu vực hình thành lâu đời nhất trên lãnh thổ Việt Nam. Có địa hình địa chất đa dạng và phức tạp bao gồm cả đồi núi, thung lũng, ven biển, hải đảo, vũng vịnh. Do đó thời tiết ở khu vực này thường bị ảnh hưởng bởi nhiều yếu tố.",40000000.0,6,10,hard,5,4.0,1,2025-10-15 21:15:50
503,biên hạ long,Nha Trang,biển,du lịch hạ long,3000000.0,5,10,easy,6,4.0,1,2025-10-17 14:31:37
